{
    "opencv_1280x800": {
        "resolution": {
            "x": 1280,
            "y": 800
        },
        "intrinsics": {
            "Fx": 740.14637466149,
            "Fy": 739.4797847245727,
            "Cx": 656.6142539299155,
            "Cy": 393.04331332629914
        },
        "distortion": [
            0.14848084121351152,
            -0.2396709785720492,
            -0.0008459513582193851,
            0.00018150592335100562,
            0.06653006679499306
        ],
        "rotation": "0",
        "fps": 60
    },
    "photon_1280x800": {
        "resolution": {
            "x": 1280,
            "y": 800
        },
        "intrinsics": {
            "Fx": 738.02,
            "Fy": 737.62,
            "Cx": 608.85,
            "Cy": 401.57
        },
        "distortion": [
            0.023,
            -0.062,
            0.0,
            0.0,
            0.21,
            -0.111,
            0.155,
            0.145
        ],
        "rotation": "0",
        "fps": 60
    }
}
