{
    "1280x800": {
        "resolution": {
            "x": 1280,
            "y": 800
        },
        "intrinsics": {
            "Fx": 738.6129752625083,
            "Fy": 655.9964218985613,
            "Cx": 738.2968674493111,
            "Cy": 392.04813055032014
        },
        "distortion": [
            0.14629960518478446,
            -0.25442216463180534,
            -0.0006797298969645215,
            0.0005597281092975031,
            0.0942600635875017
        ],
        "rotation": "0",
        "fps": 60
    },
    "old_1280x800": {
        "resolution": {
            "x": 1280,
            "y": 800
        },
        "intrinsics": {
            "Fx": 705.3011869536651,
            "Fy": 667.8810521207156,
            "Cx": 684.2281603896682,
            "Cy": 397.6373152094265
        },
        "distortion": [
            0.13730149663022817,
            -0.0309157596352214,
            -0.0024109919515146764,
            -0.012123499083912493,
            -0.30793629752001206
        ],
        "rotation": "0",
        "fps": 60
    }
}
